time_s,before_payload,after_payload,before_ms,after_ms
0.0,,,99.55,89.46
1.038,C,C,0.97,2.73
2.008,C,C,137.41,132.82
3.001,C,C,0.77,0.88
4.005,C,C,1.17,0.87
5.003,C,C,0.81,1.42
6.041,C,C,0.75,0.94
7.004,C,C,1.25,1.12
8.0,C,C,0.81,0.76
9.0,C,C,1.14,0.78
10.044,C,C,1.15,0.91
11.041,C,C,76.78,113.69
12.001,C,C,1.12,0.8
13.001,C,C,1.2,0.75
14.0,C,C,1.17,0.76
15.005,C,C,1.14,0.83
16.043,C,C,1.03,0.87
17.0,,C,84.96,85.02
18.001,,,94.52,124.22
19.041,,,67.56,100.29
20.011,,,65.13,84.97
21.003,,,65.68,70.04
22.004,,,68.11,87.54
23.005,,,71.97,75.21
24.001,,,65.75,71.79
25.016,,,74.39,66.74
26.001,,,79.97,68.9
27.036,,,67.5,70.64
28.003,C,C,74.94,60.6
29.004,C,C,1.09,0.65
30.007,C,C,1.42,0.79
31.005,C,C,0.93,0.79
32.0,C,C,1.17,0.72
33.037,C,C,1.32,0.79
34.012,C,C,75.0,58.12
35.001,,,74.57,66.19
36.001,,C,75.1,67.17
37.002,,,79.38,79.48
38.001,C,C,70.09,67.57
39.044000000000004,,,69.63,77.07
40.005,C,C,0.77,0.9
41.006,C,C,1.32,0.87
42.005,C,C,0.82,0.79
43.04,C,C,0.94,0.94
44.045,C,C,1.13,0.8
45.043,C,C,1.19,0.81
46.0,C,C,74.7,66.93
47.001,C,C,70.32,62.03
48.006,C,C,1.11,0.81
49.015,C,C,1.01,0.77
50.016,C,C,1.11,0.86
55.311,,,79.58,69.27
55.324,,,73.82,71.53
55.365,,,79.92,75.55
55.399,,,73.5,79.3
55.441,,,69.17,71.74
56.038000000000004,C,C,0.87,0.67
57.007,C,C,1.05,0.77
58.004,,,70.69,74.81
59.001000000000005,C,C,73.36,62.94
60.036,C,C,1.01,0.87
61.009,C,C,0.87,0.81
62.007,C,C,1.26,0.75
63.013,C,C,1.21,0.82
64.011,C,C,1.56,0.86
65.003,,,72.52,71.73
66.0,,,75.22,72.39
67.041,,,76.3,73.91
68.003,,,78.42,76.37
69.006,,,74.52,76.29
70.001,C,C,0.82,0.88
71.005,C,C,65.83,69.84
72.004,C,C,1.2,0.85
73.042,C,C,0.88,0.76
74.004,C,C,1.36,0.74
75.011,C,C,73.64,82.91
76.006,,,69.33,74.23
77.01,,,88.19,80.22
78.051,,,73.15,73.28
79.046,,,73.37,86.03
80.005,C,C,1.08,1.08
81.038,C,C,1.14,0.95
82.037,C,C,69.95,100.47
83.038,C,C,0.8,0.83
84.005,C,C,1.07,0.88
85.045,C,C,1.19,0.78
86.0,C,C,73.82,89.96
87.002,C,C,65.74,66.28
88.009,C,C,1.43,0.84
89.038,,,77.95,72.36
90.058,C,C,1.26,0.78
91.005,,,73.15,72.23
92.001,C,C,76.04,69.12
93.04,,,66.0,65.01
94.039,,,95.42,67.69
95.001,,,72.15,67.91
96.007,,,65.26,75.29
97.017,,,68.6,109.79
98.003,,,67.59,98.53
99.002,,,69.07,70.95
100.002,,,77.0,73.62
101.003,,,65.32,68.03
102.008,,,68.01,83.12
103.052,,,69.94,73.78
104.036,,,70.28,84.69
105.038,C,C,72.96,63.15
106.044,C,C,70.33,62.8
107.002,C,C,70.49,66.33
108.0,C,C,1.14,0.86
109.001,C,C,1.31,0.75
110.037,,,76.38,68.49
111.039,,,81.14,68.82
112.007,,,70.16,64.83
113.037,,,67.94,64.73
114.001,,,64.77,65.53
115.037,,,65.79,68.3
116.002,,,73.06,68.04
117.005,,,72.04,77.92
118.043,,,75.86,66.66
119.003,,,93.28,66.68
120.005,,,81.04,69.53
121.001,,,108.29,77.73
122.04,,,116.78,67.14
123.001,C,C,2.3,0.83
124.00200000000001,,C,98.96,69.87
125.001,,,88.42,81.93
126.00500000000001,C,C,1.71,1.1
127.00200000000001,,,100.17,91.26
128.006,,,84.74,80.18
129.008,,,101.21,80.8
130.00300000000001,,,108.03,85.17
131.016,,,97.12,88.5
132.037,,,106.57,77.79
133.008,,,102.46,75.83
134.04,,,84.31,82.56
135.042,,,95.5,68.13
136.006,,,82.24,73.2
137.041,,,82.78,75.52
138.008,,,85.79,73.21
139.003,,,89.73,74.65
140.008,,,84.48,81.07
141.0,,,88.77,85.14
142.002,,,86.99,85.23
143.047,,,111.83,87.49
144.007,,,83.23,89.02
145.047,,,94.15,91.16
146.004,,,94.16,115.31
147.002,,,90.78,85.44
148.038,,,88.52,90.17
149.0,,,97.5,102.92
150.04500000000002,,,90.23,90.31
151.04500000000002,,,85.42,85.29
152.011,,,93.84,102.04
153.005,,,86.47,90.17
154.04,,,91.9,101.81
155.042,,,89.34,98.88
156.03900000000002,,,85.72,91.97
157.005,,,93.17,96.24
158.003,,,77.82,114.17
159.006,,,85.79,108.69
160.002,,,79.13,136.0
161.008,,,82.87,97.35
162.008,,,81.46,87.32
163.012,,,110.52,86.94
164.012,,,83.41,83.24
165.008,,,92.73,80.86
166.007,,,84.49,81.94
167.005,,,96.88,83.31
168.006,,,92.63,114.22
169.006,,,91.62,89.12
170.011,,,82.85,135.77
171.042,,,81.31,189.51
172.038,,,90.74,150.87
173.04500000000002,,,85.28,148.72
174.0,,,89.31,147.09
175.005,,,89.69,176.67
176.018,,,85.11,113.59
177.006,,,91.21,85.82
178.006,,,81.33,89.67
179.0,,,91.77,81.86
180.001,,,79.37,89.71
181.007,,,88.64,83.77
182.044,,,82.88,83.84
183.002,,,93.41,77.47
184.007,,,87.07,82.23
185.006,,,108.26,83.06
186.008,,,86.34,85.09
187.043,,,96.41,86.35
188.005,,,95.26,91.9
189.044,,,86.07,81.11
190.003,,,88.47,79.88
191.007,,,109.85,80.79
192.006,,,90.99,81.95
193.004,,,90.75,82.48
194.006,,,86.47,83.6
244.202,,,104.76,91.64
244.27,,,84.52,131.76
244.28300000000002,,,85.98,103.42
244.34900000000002,,,84.71,129.96
244.357,,,87.06,120.88
244.397,,,100.57,104.26
244.441,,,84.44,87.72
244.485,,,84.12,113.4
244.52700000000002,,,98.49,82.58
244.568,,,87.5,81.18
244.598,,,87.16,87.68
244.64000000000004,,,113.99,82.12
244.685,,,89.42,78.78
244.72,,,89.79,78.61
244.756,,,85.61,77.2
244.798,,,79.23,77.23
244.84,,,80.48,77.07
244.874,,,93.45,89.62
244.928,,,85.38,78.42
244.957,,,81.04,81.09
244.999,,,83.29,82.07
245.041,,,88.61,84.18
245.085,,,83.25,80.29
245.132,,,77.9,79.96
245.15800000000002,,,79.63,81.18
245.199,,,78.45,81.48
245.245,,,78.31,83.46
245.274,,,76.26,91.45
245.316,,,79.05,87.75
245.358,,,78.01,88.1
245.403,,,80.56,87.26
245.44400000000002,,,87.26,79.88
245.485,,,79.97,79.09
245.516,,,77.57,114.72
